Chr,Gene,RefAA,AAPos,AltAA,snp_Report
Pfcrt,PfCRT,K,76,T,WHO_reported_SNP
Pfcrt,PfCRT,C,72,S,WHO_reported_SNP
Pfcrt,PfCRT,V,73,V,WHO_reported_SNP
Pfcrt,PfCRT,M,74,I,WHO_reported_SNP
Pfcrt,PfCRT,N,75,E,WHO_reported_SNP
Pfcrt,PfCRT,T,93,S,Known_SNP
Pfcrt,PfCRT,H,97,Y,Known_SNP
Pfcrt,PfCRT,F,145,I,Known_SNP
Pfcrt,PfCRT,I,218,F,Known_SNP
Pfcrt,PfCRT,A,220,S,WHO_reported_SNP
Pfcrt,PfCRT,Q,271,E,WHO_reported_SNP
Pfcrt,PfCRT,N,326,S,WHO_reported_SNP
Pfcrt,PfCRT,M,343,L,Known_SNP
Pfcrt,PfCRT,C,350,R,Known_SNP
Pfcrt,PfCRT,G,353,V,Known_SNP
Pfcrt,PfCRT,I,356,T,WHO_reported_SNP
Pfcrt,PfCRT,R,371,I,WHO_reported_SNP
Pfmdr1,PfMDR1,N,86,Y,WHO_reported_SNP
Pfmdr1,PfMDR1,Y,184,F,WHO_reported_SNP
Pfmdr1,PfMDR1,S,1034,C,WHO_reported_SNP
Pfmdr1,PfMDR1,N,1042,D,WHO_reported_SNP
Pfmdr1,PfMDR1,D,1246,Y,WHO_reported_SNP
Pfk13,K13,P,441,L,WHO_reported_SNP
Pfk13,K13,F,446,I,WHO_reported_SNP
Pfk13,K13,G,449,A,WHO_reported_SNP
Pfk13,K13,N,458,Y,WHO_reported_SNP
Pfk13,K13,C,469,F,WHO_reported_SNP
Pfk13,K13,C,469,Y,WHO_reported_SNP
Pfk13,K13,M,476,I,WHO_reported_SNP
Pfk13,K13,A,481,V,WHO_reported_SNP
Pfk13,K13,Y,493,H,WHO_reported_SNP
Pfk13,K13,R,515,K,WHO_reported_SNP
Pfk13,K13,P,527,H,WHO_reported_SNP
Pfk13,K13,N,537,I,WHO_reported_SNP
Pfk13,K13,G,538,V,WHO_reported_SNP
Pfk13,K13,R,539,T,WHO_reported_SNP
Pfk13,K13,I,543,T,WHO_reported_SNP
Pfk13,K13,P,553,L,WHO_reported_SNP
Pfk13,K13,R,561,H,WHO_reported_SNP
Pfk13,K13,V,568,G,WHO_reported_SNP
Pfk13,K13,P,574,L,WHO_reported_SNP
Pfk13,K13,A,578,S,WHO_reported_SNP
Pfk13,K13,C,580,Y,WHO_reported_SNP
Pfk13,K13,D,584,V,WHO_reported_SNP
Pfk13,K13,R,622,I,WHO_reported_SNP
Pfk13,K13,A,675,V,WHO_reported_SNP
Pfdhfr,DHFR,A,16,V,WHO_reported_SNP
Pfdhfr,DHFR,N,51,I,WHO_reported_SNP
Pfdhfr,DHFR,C,59,R,WHO_reported_SNP
Pfdhfr,DHFR,S,108,N,WHO_reported_SNP
Pfdhfr,DHFR,I,164,L,WHO_reported_SNP
Pfdhps,DHPS,I,431,V,WHO_reported_SNP
Pfdhps,DHPS,S,436,A,WHO_reported_SNP
Pfdhps,DHPS,S,436,H,WHO_reported_SNP
Pfdhps,DHPS,A,437,G,WHO_reported_SNP
Pfdhps,DHPS,K,540,E,WHO_reported_SNP
Pfdhps,DHPS,A,581,G,WHO_reported_SNP
Pfdhps,DHPS,A,613,S,WHO_reported_SNP
Pfdhps,DHPS,A,613,T,WHO_reported_SNP
Pfcytb,Pfcytb,I,258,M,WHO_reported_SNP
Pfcytb,Pfcytb,Y,268,S,WHO_reported_SNP
Pfcytb,Pfcytb,Y,268,C,WHO_reported_SNP
